ID;OrderNumber;OrderDate;CustomerName;NetValue;Status
11111111-0000-4000-8000-000000000001;500001;2026-01-08;Alpine Ski House;18450.00;A
11111111-0000-4000-8000-000000000002;500002;2026-01-15;Alpine Ski House;7290.50;A
11111111-0000-4000-8000-000000000003;500003;2026-02-03;Blue Ocean Retail;45200.00;A
11111111-0000-4000-8000-000000000004;500004;2026-02-18;Blue Ocean Retail;11875.25;A
11111111-0000-4000-8000-000000000005;500005;2026-03-02;Cedar Grove Foods;9630.00;A
11111111-0000-4000-8000-000000000006;500006;2026-03-11;Cedar Grove Foods;25780.75;A
11111111-0000-4000-8000-000000000007;500007;2026-03-19;Delta Office Supplies;6325.40;A
11111111-0000-4000-8000-000000000008;500008;2026-04-06;Delta Office Supplies;17490.00;A
11111111-0000-4000-8000-000000000009;500009;2026-04-14;Evergreen Manufacturing;58200.00;A
11111111-0000-4000-8000-000000000010;500010;2026-04-21;Evergreen Manufacturing;31650.80;A
11111111-0000-4000-8000-000000000011;500011;2026-05-05;Alpine Ski House;12890.00;A
11111111-0000-4000-8000-000000000012;500012;2026-05-12;Blue Ocean Retail;22340.60;A
11111111-0000-4000-8000-000000000013;500013;2026-02-25;Cedar Grove Foods;3100.00;B
11111111-0000-4000-8000-000000000014;500014;2026-01-30;Delta Office Supplies;8800.00;C
